,url,user
1,https://github.com/Ocramius,Ocramius
2,https://github.com/taylorotwell,taylorotwell
3,https://github.com/GrahamCampbell,GrahamCampbell
4,https://github.com/brianchandotcom,brianchandotcom
5,https://github.com/michalbe,michalbe
6,https://github.com/fabpot,fabpot
7,https://github.com/bevacqua,bevacqua
8,https://github.com/kevinsawicki,kevinsawicki
9,https://github.com/ornicar,ornicar
10,https://github.com/sebmck,sebmck
11,https://github.com/rkh,rkh
12,https://github.com/KrauseFx,KrauseFx
13,https://github.com/mrmrs,mrmrs
14,https://github.com/hadley,hadley
15,https://github.com/springmeyer,springmeyer
16,https://github.com/c9s,c9s
17,https://github.com/mattdesl,mattdesl
18,https://github.com/robrix,robrix
19,https://github.com/stefanpenner,stefanpenner
20,https://github.com/feross,feross
21,https://github.com/rstacruz,rstacruz
22,https://github.com/michaelklishin,michaelklishin
23,https://github.com/dcramer,dcramer
24,https://github.com/ebidel,ebidel
25,https://github.com/jgm,jgm
26,https://github.com/phodal,phodal
27,https://github.com/tmcw,tmcw
28,https://github.com/cvrebert,cvrebert
29,https://github.com/Raynos,Raynos
30,https://github.com/mikermcneil,mikermcneil
31,https://github.com/jdalton,jdalton
32,https://github.com/mitchellh,mitchellh
33,https://github.com/josevalim,josevalim
34,https://github.com/JedWatson,JedWatson
35,https://github.com/markstory,markstory
36,https://github.com/gorhill,gorhill
37,https://github.com/steveklabnik,steveklabnik
38,https://github.com/zcbenz,zcbenz
39,https://github.com/addyosmani,addyosmani
40,https://github.com/gaearon,gaearon
41,https://github.com/mafintosh,mafintosh
42,https://github.com/ai,ai
43,https://github.com/SamyPesse,SamyPesse
44,https://github.com/ChenYilong,ChenYilong
45,https://github.com/kevva,kevva
46,https://github.com/substack,substack
47,https://github.com/jamesward,jamesward
48,https://github.com/jspahrsummers,jspahrsummers
49,https://github.com/josegonzalez,josegonzalez
50,https://github.com/orta,orta
51,https://github.com/benbalter,benbalter
52,https://github.com/ddollar,ddollar
53,https://github.com/pippinsplugins,pippinsplugins
54,https://github.com/JakeWharton,JakeWharton
55,https://github.com/yihui,yihui
56,https://github.com/ericholscher,ericholscher
57,https://github.com/ekmett,ekmett
58,https://github.com/yiminghe,yiminghe
59,https://github.com/evancz,evancz
60,https://github.com/3rd-Eden,3rd-Eden
61,https://github.com/nathansobo,nathansobo
62,https://github.com/webmozart,webmozart
63,https://github.com/mcollina,mcollina
64,https://github.com/sferik,sferik
65,https://github.com/frsyuki,frsyuki
66,https://github.com/alex,alex
67,https://github.com/kartik-v,kartik-v
68,https://github.com/swannodette,swannodette
69,https://github.com/dominictarr,dominictarr
70,https://github.com/kylef,kylef
71,https://github.com/maxogden,maxogden
72,https://github.com/leafo,leafo
73,https://github.com/r7kamura,r7kamura
74,https://github.com/creationix,creationix
75,https://github.com/EisenbergEffect,EisenbergEffect
76,https://github.com/afollestad,afollestad
77,https://github.com/indutny,indutny
78,https://github.com/josh,josh
79,https://github.com/ashfurrow,ashfurrow
80,https://github.com/HugoGiraudel,HugoGiraudel
81,https://github.com/weaverryan,weaverryan
82,https://github.com/rxin,rxin
83,https://github.com/jedisct1,jedisct1
84,https://github.com/kazuho,kazuho
85,https://github.com/kytrinyx,kytrinyx
86,https://github.com/mgechev,mgechev
87,https://github.com/fsouza,fsouza
88,https://github.com/happypeter,happypeter
89,https://github.com/soumith,soumith
90,https://github.com/clowwindy,clowwindy
91,https://github.com/zenorocha,zenorocha
92,https://github.com/rdegges,rdegges
93,https://github.com/rafaelfranca,rafaelfranca
94,https://github.com/drnic,drnic
95,https://github.com/gdi2290,gdi2290
96,https://github.com/staltz,staltz
97,https://github.com/purcell,purcell
98,https://github.com/madskristensen,madskristensen
99,https://github.com/rwaldron,rwaldron
100,https://github.com/chrisdone,chrisdone
101,https://github.com/jfrazelle,jfrazelle
102,https://github.com/leebyron,leebyron
103,https://github.com/derickr,derickr
104,https://github.com/mikepenz,mikepenz
105,https://github.com/chjj,chjj
106,https://github.com/parkr,parkr
107,https://github.com/kohsuke,kohsuke
108,https://github.com/armon,armon
109,https://github.com/RubyLouvre,RubyLouvre
110,https://github.com/mikolalysenko,mikolalysenko
111,https://github.com/torvalds,torvalds
112,https://github.com/arunoda,arunoda
113,https://github.com/bbatsov,bbatsov
114,https://github.com/stof,stof
115,https://github.com/matthewmccullough,matthewmccullough
116,https://github.com/yyx990803,yyx990803
117,https://github.com/Unknwon,Unknwon
118,https://github.com/willdurand,willdurand
119,https://github.com/tenderlove,tenderlove
120,https://github.com/tqchen,tqchen
121,https://github.com/kana,kana
122,https://github.com/nzakas,nzakas
123,https://github.com/graydon,graydon
124,https://github.com/zilongshanren,zilongshanren
125,https://github.com/mattn,mattn
126,https://github.com/remy,remy
127,https://github.com/ayende,ayende
128,https://github.com/lihaoyi,lihaoyi
129,https://github.com/chneukirchen,chneukirchen
130,https://github.com/johnpapa,johnpapa
131,https://github.com/samdark,samdark
132,https://github.com/domenic,domenic
133,https://github.com/paulcbetts,paulcbetts
134,https://github.com/bergie,bergie
135,https://github.com/indirect,indirect
136,https://github.com/schacon,schacon
137,https://github.com/davecheney,davecheney
138,https://github.com/kripken,kripken
139,https://github.com/appleboy,appleboy
140,https://github.com/jlord,jlord
141,https://github.com/alloy,alloy
142,https://github.com/vladikoff,vladikoff
143,https://github.com/hueniverse,hueniverse
144,https://github.com/STRd6,STRd6
145,https://github.com/SamSaffron,SamSaffron
146,https://github.com/luin,luin
147,https://github.com/tokuhirom,tokuhirom
148,https://github.com/michael,michael
149,https://github.com/TooTallNate,TooTallNate
150,https://github.com/PaulKinlan,PaulKinlan
151,https://github.com/kriskowal,kriskowal
152,https://github.com/karan,karan
153,https://github.com/numbbbbb,numbbbbb
154,https://github.com/passy,passy
155,https://github.com/marijnh,marijnh
156,https://github.com/audreyt,audreyt
157,https://github.com/aFarkas,aFarkas
158,https://github.com/rvagg,rvagg
159,https://github.com/apotonick,apotonick
160,https://github.com/svenfuchs,svenfuchs
161,https://github.com/mjackson,mjackson
162,https://github.com/arturoc,arturoc
163,https://github.com/maryrosecook,maryrosecook
164,https://github.com/mrdoob,mrdoob
165,https://github.com/jonathanong,jonathanong
166,https://github.com/mbostock,mbostock
167,https://github.com/prakhar1989,prakhar1989
168,https://github.com/mourner,mourner
169,https://github.com/balupton,balupton
170,https://github.com/headius,headius
171,https://github.com/jessesquires,jessesquires
172,https://github.com/swankjesse,swankjesse
173,https://github.com/sahat,sahat
174,https://github.com/nex3,nex3
175,https://github.com/simurai,simurai
176,https://github.com/zpao,zpao
177,https://github.com/tomchristie,tomchristie
178,https://github.com/fzaninotto,fzaninotto
179,https://github.com/bdarnell,bdarnell
180,https://github.com/amueller,amueller
181,https://github.com/shiffman,shiffman
182,https://github.com/darwin,darwin
183,https://github.com/davidfowl,davidfowl
184,https://github.com/junegunn,junegunn
185,https://github.com/gitster,gitster
186,https://github.com/mathiasbynens,mathiasbynens
187,https://github.com/olivergierke,olivergierke
188,https://github.com/matyhtf,matyhtf
189,https://github.com/mdo,mdo
190,https://github.com/desandro,desandro
191,https://github.com/photonstorm,photonstorm
192,https://github.com/sebastianbergmann,sebastianbergmann
193,https://github.com/matthewmueller,matthewmueller
194,https://github.com/bradfitz,bradfitz
195,https://github.com/weavejester,weavejester
196,https://github.com/fengmk2,fengmk2
197,https://github.com/stephenplusplus,stephenplusplus
198,https://github.com/aslakhellesoy,aslakhellesoy
199,https://github.com/arun-gupta,arun-gupta
200,https://github.com/alanhamlett,alanhamlett
201,https://github.com/STRML,STRML
202,https://github.com/imathis,imathis
203,https://github.com/tbranyen,tbranyen
204,https://github.com/isaacs,isaacs
205,https://github.com/Shougo,Shougo
206,https://github.com/ibdknox,ibdknox
207,https://github.com/pedrovgs,pedrovgs
208,https://github.com/kelseyhightower,kelseyhightower
209,https://github.com/jakevdp,jakevdp
210,https://github.com/munificent,munificent
211,https://github.com/andrew,andrew
212,https://github.com/contra,contra
213,https://github.com/mitsuhiko,mitsuhiko
214,https://github.com/wbond,wbond
215,https://github.com/ahmetalpbalkan,ahmetalpbalkan
216,https://github.com/jezdez,jezdez
217,https://github.com/hughsk,hughsk
218,https://github.com/CharlinFeng,CharlinFeng
219,https://github.com/fatih,fatih
220,https://github.com/DataTables,DataTables
221,https://github.com/rsc,rsc
222,https://github.com/timoxley,timoxley
223,https://github.com/odersky,odersky
224,https://github.com/shama,shama
225,https://github.com/pydanny,pydanny
226,https://github.com/technoweenie,technoweenie
227,https://github.com/muan,muan
228,https://github.com/jordansissel,jordansissel
229,https://github.com/sorah,sorah
230,https://github.com/freddix,freddix
231,https://github.com/sokra,sokra
232,https://github.com/ianb,ianb
233,https://github.com/andreamazz,andreamazz
234,https://github.com/antirez,antirez
235,https://github.com/soyjavi,soyjavi
236,https://github.com/Seldaek,Seldaek
237,https://github.com/akrabat,akrabat
238,https://github.com/aaronpk,aaronpk
239,https://github.com/mnot,mnot
240,https://github.com/michaelliao,michaelliao
241,https://github.com/bboyfeiyu,bboyfeiyu
242,https://github.com/sole,sole
243,https://github.com/lepture,lepture
244,https://github.com/robdodson,robdodson
245,https://github.com/soimort,soimort
246,https://github.com/mgcrea,mgcrea
247,https://github.com/tommy351,tommy351
248,https://github.com/barryvdh,barryvdh
249,https://github.com/jiyinyiyong,jiyinyiyong
250,https://github.com/justintadlock,justintadlock
251,https://github.com/HenrikJoreteg,HenrikJoreteg
252,https://github.com/Trinea,Trinea
253,https://github.com/caitp,caitp
254,https://github.com/philipwalton,philipwalton
255,https://github.com/laruence,laruence
256,https://github.com/spicyj,spicyj
